0	1	2	3	4
rs8139954	chr22	15618335	A	C
rs12169910	chr22	15711656	C	T
rs887796	chr22	15973685	A	G
rs3788269	chr22	16013669	G	A
rs5747027	chr22	16079630	A	T
rs5747295	chr22	16495251	C	G
rs8139723	chr22	16697142	C	T
rs1110661	chr22	16824734	C	T
rs9605498	chr22	16892094	C	T
rs385130	chr22	16950175	T	G
rs367766	chr22	17297031	T	C
rs5993459	chr22	17366967	C	T
rs5993603	chr22	17688941	T	C
rs1210715	chr22	17725293	C	T
rs2238766	chr22	17728399	T	G
rs12165774	chr22	17779057	G	A
rs2073733	chr22	17884318	G	A
rs8138364	chr22	17934015	C	G
rs4819843	chr22	18145182	G	A
rs5992493	chr22	18261556	A	G
rs589089	chr22	18576469	A	G
rs6003971	chr22	19063495	T	G
rs361764	chr22	19066315	G	A
rs4020	chr22	19091384	A	C
rs5995708	chr22	19217080	A	G
rs362089	chr22	19280473	A	G
rs1108101	chr22	19296457	G	A
rs4822497	chr22	19448306	T	C
rs1669125	chr22	20357348	C	T
rs5756833	chr22	20776575	A	G
rs6003481	chr22	21705490	T	C
rs16997431	chr22	21781236	G	T
rs5751611	chr22	21896019	C	T
rs11912682	chr22	21955655	C	T
rs6003645	chr22	22030639	T	C
rs6003682	chr22	22063159	A	G
rs5759887	chr22	22204416	G	T
rs12167140	chr22	22301028	C	T
rs738791	chr22	22447525	C	T
rs9612485	chr22	22509502	G	A
rs2012133	chr22	22564734	G	C
rs11913559	chr22	22577073	G	T
rs5760440	chr22	23195187	T	C
rs6004273	chr22	23493624	A	G
rs5760748	chr22	23664977	T	C
rs742168	chr22	23778357	G	A
rs742170	chr22	23778653	C	T
rs6004433	chr22	23818365	C	T
rs763279	chr22	23907688	G	A
rs5752176	chr22	24270733	C	T
rs590643	chr22	24274478	G	A
rs4822661	chr22	24559502	C	T
rs6004939	chr22	24845853	A	T
rs9608464	chr22	24887350	G	A
rs137180	chr22	24995674	A	G
rs2847315	chr22	25035391	G	A
rs16981735	chr22	25052050	G	A
rs880421	chr22	25157335	T	G
rs2283827	chr22	25256047	A	G
rs2301440	chr22	25327482	C	T
rs8140216	chr22	25474070	T	C
rs16982827	chr22	25552304	A	G
rs9306432	chr22	25725426	T	C
rs6005365	chr22	26021285	G	T
rs6005415	chr22	26115102	A	C
rs2207361	chr22	26155804	G	A
rs12484213	chr22	26330527	G	A
rs12158861	chr22	26341286	A	C
rs2235432	chr22	27499420	T	G
rs6006093	chr22	28049167	G	T
rs174766	chr22	28064696	G	T
rs13053817	chr22	28177722	C	A
rs5752924	chr22	28200951	A	G
rs4823045	chr22	28260077	T	C
rs5763315	chr22	28269683	C	T
rs2530685	chr22	28436659	G	A
rs740116	chr22	28530399	A	G
rs737909	chr22	28718758	G	T
rs5753014	chr22	28845049	T	C
rs713875	chr22	28922487	C	G
rs7284531	chr22	29016254	T	C
rs4820849	chr22	29184360	A	G
rs5997681	chr22	29273040	T	C
rs7290980	chr22	29422425	T	A
rs3747152	chr22	29850338	G	A
rs5998133	chr22	30528862	C	T
rs16989535	chr22	30559931	C	T
rs7290696	chr22	30671684	C	T
rs7291826	chr22	30768802	A	C
rs9621429	chr22	31091238	G	A
rs7287452	chr22	31108254	A	G
rs6518774	chr22	31113301	C	T
rs5998471	chr22	31116217	G	A
rs715629	chr22	31136595	A	T
rs16990574	chr22	31209307	C	G
rs3788455	chr22	31296267	G	A
rs2710359	chr22	31329830	C	T
rs5754248	chr22	31477483	C	T
rs242088	chr22	31549887	T	C
rs8136803	chr22	31567112	G	T
rs137299	chr22	31835054	T	C
rs4420793	chr22	31890980	G	A
rs2283894	chr22	32079276	T	C
rs738971	chr22	32316543	G	A
rs762859	chr22	32341334	G	A
rs16992903	chr22	32454772	C	G
rs8136512	chr22	32461239	T	C
rs16992945	chr22	32471139	T	A
rs3827344	chr22	32582412	G	C
rs5754822	chr22	32803652	A	C
rs130991	chr22	32875398	A	G
rs2078202	chr22	32955308	G	A
rs169378	chr22	33013829	A	G
rs169466	chr22	33106008	A	G
rs1459026	chr22	33142407	G	A
rs5999580	chr22	33586625	G	A
rs2157215	chr22	33661402	C	A
rs5755439	chr22	33667732	C	T
rs2008519	chr22	33742833	T	C
rs7286668	chr22	33772750	A	C
rs5999721	chr22	33829604	A	G
rs9610221	chr22	33863126	G	A
rs5755661	chr22	33959782	C	T
rs2071744	chr22	34147553	C	T
rs5750115	chr22	34289188	G	A
rs6000096	chr22	34795642	A	G
rs6000174	chr22	34917225	G	A
rs2481	chr22	35007346	G	A
rs9610486	chr22	35023388	G	A
rs4820229	chr22	35038699	A	G
rs4820230	chr22	35039485	G	A
rs742146	chr22	35250780	T	C
rs140033	chr22	35283761	C	A
rs16997001	chr22	35314864	C	T
rs760521	chr22	35577797	G	C
rs713829	chr22	35716866	T	C
rs2187723	chr22	35752336	C	G
rs229511	chr22	35903866	A	G
rs4239887	chr22	36013629	C	T
rs6000725	chr22	36137249	C	A
rs3026629	chr22	36659231	G	A
rs3026649	chr22	36708032	A	G
rs1004764	chr22	36804798	A	G
rs5756931	chr22	36875979	T	C
rs1043402	chr22	37209634	G	A
rs3747173	chr22	37398991	A	G
rs2235230	chr22	37454413	C	T
rs1076116	chr22	37567783	G	C
rs5750734	chr22	37779449	T	G
rs3091374	chr22	37810191	C	T
rs1569496	chr22	37995147	G	A
rs4821901	chr22	38205912	G	T
rs4522708	chr22	38315229	G	A
rs17001585	chr22	38760297	A	G
rs8135759	chr22	39188950	T	C
rs5750998	chr22	39559095	C	T
rs9611435	chr22	39645029	C	T
rs8137373	chr22	40059162	G	A
rs5758350	chr22	40161213	A	C
rs2187795	chr22	40422171	A	C
rs2413652	chr22	40427184	C	T
rs5758427	chr22	40429634	G	A
rs1883205	chr22	40572966	C	T
rs8135804	chr22	40664606	C	T
rs86669	chr22	41010744	C	T
rs135106	chr22	41418379	C	T
rs7364130	chr22	41579144	T	C
rs7286299	chr22	41722800	G	A
rs135015	chr22	41828105	T	C
rs12628378	chr22	41998544	A	G
rs763265	chr22	42013946	G	A
rs3213584	chr22	42046268	C	T
rs9612059	chr22	42111071	G	A
rs2001071	chr22	42433969	C	T
rs138076	chr22	42568315	G	A
rs6006591	chr22	42686563	G	A
rs16991238	chr22	42691467	A	G
rs5764434	chr22	42695927	T	C
rs11914048	chr22	42753971	T	C
rs5764084	chr22	42803677	G	A
rs6006488	chr22	42837566	C	T
rs2267615	chr22	42862107	A	C
rs139072	chr22	42886112	G	A
rs139235	chr22	42948858	T	C
rs9614390	chr22	42965544	G	T
rs135399	chr22	43008453	G	A
rs7291951	chr22	43161869	C	T
rs12157859	chr22	43386227	G	C
rs1077163	chr22	43489540	A	G
rs1077166	chr22	43489769	A	G
rs5765924	chr22	43489898	T	C
rs763217	chr22	43496258	T	C
rs7290106	chr22	43597851	G	A
rs3810628	chr22	43657163	T	C
rs5765085	chr22	43693588	C	T
rs6007397	chr22	43717864	C	T
rs132022	chr22	43804199	G	A
rs132035	chr22	43810676	A	G
rs11913213	chr22	43837533	G	A
rs12628020	chr22	43857825	G	A
rs132853	chr22	43939371	C	T
rs2742621	chr22	44053169	A	G
rs5766616	chr22	44058192	C	T
rs4823458	chr22	44072492	G	A
rs9614467	chr22	44194933	C	T
rs6006800	chr22	44512517	A	G
rs2051595	chr22	44626342	G	T
rs135549	chr22	44931972	C	T
rs6008598	chr22	45082907	C	T
rs6007911	chr22	45213701	C	T
rs1883194	chr22	45332643	C	T
rs12485133	chr22	45358906	T	C
rs2542019	chr22	45425775	T	G
rs1573730	chr22	45619528	A	G
rs5769204	chr22	45664150	A	G
rs5769248	chr22	45696556	G	A
rs9616157	chr22	45698228	G	A
rs6009092	chr22	45771831	C	T
rs9615146	chr22	46057960	C	T
rs9626722	chr22	46161951	G	A
rs5767754	chr22	46249900	A	C
rs5767758	chr22	46258078	G	C
rs6008295	chr22	46387597	C	T
rs5768137	chr22	46679058	G	A
rs5768256	chr22	46776738	G	T
rs5768271	chr22	46787732	T	C
rs6519991	chr22	47104199	G	A
rs5768614	chr22	47209058	G	A
rs2032489	chr22	47222142	T	C
rs8135393	chr22	47436884	C	T
rs17823579	chr22	47445662	C	T
rs9628523	chr22	47515972	G	C
rs16999826	chr22	47521993	A	G
rs9627753	chr22	47750123	A	C
rs2038303	chr22	47806133	T	G
rs12627779	chr22	47958072	G	A
rs5769986	chr22	47958169	C	T
rs6009193	chr22	48008787	G	A
rs739049	chr22	48094617	T	G
rs4823934	chr22	48184015	G	A
rs135775	chr22	48325313	C	T
rs17001272	chr22	48499088	T	C
rs12484423	chr22	48814839	C	T
rs137930	chr22	48865560	T	C
rs4074135	chr22	49106629	G	A
rs7511461	chr22	49206564	T	C
rs4824128	chr22	49278352	T	C
rs140510	chr22	49399245	T	C
rs131729	chr22	49400585	C	T
rs9628185	chr22	49456858	C	T
